Observation,Authors,Year,Citation,Comparison,Study,Nsites
1,"Dagan, Liljeroos, Jokela, Ben-Ami",2013,Dagan et al. 2013,,Dagan et al. 2013,22
2,"Field, Lange, Schulenburg, Velavan, Michiels",2007,Field et al. 2007,,Field et al. 2007,14
3,Meagher,1999,Meagher 1999,,Meagher 1999,9
4,"Parsche, Lattorff",2018,Parsche and Lattorf 2018,A,Parsche and Lattorf 2018: A,16
5,"Parsche, Lattorff",2018,Parsche and Lattorf 2018,B,Parsche and Lattorf 2018: B,20
6,"Trouve, Degen, Renaud, Goudet",2003,Trouve et al. 2003,,Trouve et al. 2003,13
7,"Whitehorn, PR; Tinsley, MC; Brown, MJF; Darvill, B; Goulson, D",2014,Whitehorn et al. 2014,A,Whitehorn et al. 2014: A,17
8,"Whitehorn, PR; Tinsley, MC; Brown, MJF; Darvill, B; Goulson, D",2014,Whitehorn et al. 2014,B,Whitehorn et al. 2014: B,13
9,"Pierce, AA; de Roode, JC; Altizer, S; Bartel, RA",2014,Pierce et al. 2014,,Pierce et al. 2014,7
10,"Whitehorn, PR; Tinsley, MC; Brown, MJF; Darvill, B; Goulson, D",2010,Whitehorn et al. 2010,,Whitehorn et al. 2010,9
11,"Velavan, TP; Weller, S; Schulenburg, H; Michiels, NK",2009,Velavan et al. 2009,,Velavan et al. 2009,26
12,"Whiteman, NK; Matson, KD; Bollmer, JL; Parker, PG",2006,Whiteman et al. 2006,,Whiteman et al. 2006,8
13,"Neumann, Moritz",2000,Neumann and Moritz 2000,,Neumann and Moritz 2000,30
14,"Ellison, Cable, Consuegra",2011,Ellison et al. 2011,,Ellison et al. 2011,4
15,"Rahn, Krassmann, Tsobanidis, MacColl, Bakker",2016,Rahn et al. 2016,,Rahn et al. 2016,19
16,"Queiros, Vicente, Alves, de la Fuente, Gortazar",2016,Queiros et al. 2016,,Queiros et al. 2016,10
17,"Loiseau, Zoorob, Robert, Chastel, Julliard, Sorci",2011,Loiseau et al. 2011,,Loiseau et al. 2011,13
18,"Bower, AD; Aitken, SN",2011,Bower and Aitken 2011,,Bower and Aitken 2011,14
19,Dunning,2008,Dunning 2008,,Dunning 2008,6
20,"Kyle, Rico, Castillo, Srithayakumar, Cullingham, White, Pond",2014,Kyle et al. 2014,,Kyle et al. 2014,4
21,"Pagan, Gonzalez-Jara, Moreno-Letelier, Rodelo-Urrego, Fraile, Pinero, Garcia-Arenal",2012,Pagan et al. 2012,,Pagan et al. 2012,26
22,"Savage, Guilherme Becker, Zamudio",2015,Savage et al. 2015,,Savage et al. 2015,11
23,"Dionne, M; Miller, KM; Dodson, JJ; Bernatchez, L",2009,Dionne et al. 2009,,Dionne et al. 2009,6
24,"King, Jokela, Lively",2011,King et al. 2011,,King et al. 2011,17
,,,,,Overall Effect,
