Number,Authors,,Year,Citation,Experiments
1,Ebert et al., ,2007,Ebert et al. 2007,1
2,Ganz and Ebert, ,2010,Ganz and Ebert 2010,7
3,Altermatt and Ebert, ,2008,Altermatt and Ebert 2008,2
4,Baer and Schmid-Hempel, ,2001,Baer and Schmid-Hempel 2001,2
5,Baer and Schmid-Hempel, ,1999,Baer and Schmid-Hempel 1999,1
6,Reber et al., ,2008,Reber et al. 2008,3
7,O'Donnell and Armbruster, ,2010,O'Donnell and Armbruster 2010,1
8,Desai and Currie, ,2015,Desai and Currie 2015,1
9,Seeley and Tarpy, ,2007,Seeley and Tarpy 2007,1
10,Tarpy and Seeley, ,2006,Tarpy and Seeley 2006,1
11,Giese and Hedrick, ,2003,Giese and Hedrick 2003,2
12,Pearman and Garner, ,2005,Pearman and Garner 2005,2
13,Br�tsch et al. , ,2017,Brutsch et al.  2017,2
14,Schmid, ,1994,Schmid 1994,1
15,Woyciechowski and Krol, ,2001,Woyciechowski and Krol 2001,1
16,Puurtinen et al., ,2004,Puurtinen et al. 2004,2
17,Tarpy, ,2003,Tarpy 2003,1
18,Hughes and Boomsma, ,2004,Hughes and Boomsma 2004,2
19,Agha et al., ,2018,Agha et al. 2018,1
20,Alexander, ,1991,Alexander 1991,1
21,Ferrari et al., ,2007,Ferrari et al. 2007,1
22,Schmidt et al., ,2011,Schmidt et al. 2011,1
23,van Houte et al. , ,2016,van Houte et al.  2016,12
24,Arkush et al.,,2002,Arkush et al. 2002,3
25,Stauss et al. ,,2017,Strauss et al. 2017,2
,,,,Overall Effect,1
